<?xml version="1.0" encoding="UTF-8"?>
<project-private xmlns="http://www.netbeans.org/ns/project-private/1">
    <editor-bookmarks xmlns="http://www.netbeans.org/ns/editor-bookmarks/2" lastBookmarkId="0"/>
    <open-files xmlns="http://www.netbeans.org/ns/projectui-open-files/2">
        <group>
            <file>file:/C:/Users/sguia/Desktop/School/Year%202/Summer/CSE%20219/Homework/SlideshowCreator/src/sc/workspace/SlideshowCreatorWorkspace.java</file>
            <file>file:/C:/Users/sguia/Desktop/School/Year%202/Summer/CSE%20219/Homework/SlideshowCreator/src/sc/workspace/SlideshowCreatorController.java</file>
        </group>
    </open-files>
</project-private>
