<?xml version="1.0" encoding="UTF-8"?>
<project-private xmlns="http://www.netbeans.org/ns/project-private/1">
    <editor-bookmarks xmlns="http://www.netbeans.org/ns/editor-bookmarks/2" lastBookmarkId="0"/>
    <open-files xmlns="http://www.netbeans.org/ns/projectui-open-files/2">
        <group/>
        <group name="Group 20170604-04:35:06">
            <file>file:/C:/Users/Dave/Desktop/CSE219/hw/HW1(1)/DesktopJavaFramework/src/djf/controller/AppFileController.java</file>
            <file>file:/C:/Users/Dave/Desktop/CSE219/hw/HW1(1)/DesktopJavaFramework/src/djf/ui/AppGUI.java</file>
        </group>
    </open-files>
</project-private>
