<?xml version="1.0" encoding="UTF-8"?>
<project-private xmlns="http://www.netbeans.org/ns/project-private/1">
    <editor-bookmarks xmlns="http://www.netbeans.org/ns/editor-bookmarks/2" lastBookmarkId="0"/>
    <open-files xmlns="http://www.netbeans.org/ns/projectui-open-files/2">
        <group>
            <file>file:/Users/eric/Desktop/HW1(1)/SlideshowCreator/src/sc/workspace/SlideshowCreatorController.java</file>
            <file>file:/Users/eric/Desktop/HW1(1)/SlideshowCreator/src/sc/data/Slide.java</file>
            <file>file:/Users/eric/Desktop/HW1(1)/SlideshowCreator/src/sc/data/SlideshowCreatorData.java</file>
        </group>
    </open-files>
</project-private>
