<?xml version="1.0" encoding="UTF-8"?>
<project-private xmlns="http://www.netbeans.org/ns/project-private/1">
    <editor-bookmarks xmlns="http://www.netbeans.org/ns/editor-bookmarks/2" lastBookmarkId="0"/>
    <open-files xmlns="http://www.netbeans.org/ns/projectui-open-files/2">
        <group name="Group 20170603-01:50:00">
            <file>file:/C:/Users/Yogi/Desktop/College/CSE/CSE%20219/HW1(1)/SlideshowCreator/src/sc/SlideshowCreatorApp.java</file>
        </group>
        <group>
            <file>file:/C:/Users/Yogi/Desktop/College/CSE/CSE%20219/HW1(1)/SlideshowCreator/src/sc/data/Slide.java</file>
            <file>file:/C:/Users/Yogi/Desktop/College/CSE/CSE%20219/HW1(1)/SlideshowCreator/src/sc/SlideshowCreatorApp.java</file>
            <file>file:/C:/Users/Yogi/Desktop/College/CSE/CSE%20219/HW1(1)/SlideshowCreator/src/sc/workspace/SlideshowCreatorController.java</file>
            <file>file:/C:/Users/Yogi/Desktop/College/CSE/CSE%20219/HW1(1)/SlideshowCreator/src/sc/style/SlideshowCreatorStyle.java</file>
            <file>file:/C:/Users/Yogi/Desktop/College/CSE/CSE%20219/HW1(1)/SlideshowCreator/src/sc/workspace/SlideshowCreatorWorkspace.java</file>
            <file>file:/C:/Users/Yogi/Desktop/College/CSE/CSE%20219/HW1(1)/SlideshowCreator/.git/config</file>
            <file>file:/C:/Users/Yogi/Desktop/College/CSE/CSE%20219/HW1(1)/SlideshowCreator/src/sc/data/SlideshowCreatorData.java</file>
            <file>file:/C:/Users/Yogi/Desktop/College/CSE/CSE%20219/HW1(1)/SlideshowCreator/src/sc/SlideshowCreatorProp.java</file>
            <file>file:/C:/Users/Yogi/Desktop/College/CSE/CSE%20219/HW1(1)/SlideshowCreator/src/sc/file/SlideshowCreatorFiles.java</file>
        </group>
    </open-files>
</project-private>
