
{
    "slides":[
        {
            "file_name":"Abderrahman Dandoune.JPG",
            "path":"C:\\Users\\tirth\\College\\Stony Brook\\Summer 2017\\CSE 219 - Computer Science III\\HW\\HW1\\SlideshowCreator\\work\\A to K\\Abderrahman Dandoune.JPG",
            "caption":"",
            "original_width":200,
            "original_height":200,
            "current_width":200,
            "current_height":200
        },
        {
            "file_name":"Agnieszka Gawrys.JPG",
            "path":"C:\\Users\\tirth\\College\\Stony Brook\\Summer 2017\\CSE 219 - Computer Science III\\HW\\HW1\\SlideshowCreator\\work\\A to K\\Agnieszka Gawrys.JPG",
            "caption":"",
            "original_width":200,
            "original_height":200,
            "current_width":200,
            "current_height":200
        },
        {
            "file_name":"Alexander Espinal.JPG",
            "path":"C:\\Users\\tirth\\College\\Stony Brook\\Summer 2017\\CSE 219 - Computer Science III\\HW\\HW1\\SlideshowCreator\\work\\A to K\\Alexander Espinal.JPG",
            "caption":"",
            "original_width":200,
            "original_height":200,
            "current_width":200,
            "current_height":200
        },
        {
            "file_name":"Ammar Khandwala.JPG",
            "path":"C:\\Users\\tirth\\College\\Stony Brook\\Summer 2017\\CSE 219 - Computer Science III\\HW\\HW1\\SlideshowCreator\\work\\A to K\\Ammar Khandwala.JPG",
            "caption":"",
            "original_width":200,
            "original_height":200,
            "current_width":200,
            "current_height":200
        },
        {
            "file_name":"Aritra Nirmal.JPG",
            "path":"C:\\Users\\tirth\\College\\Stony Brook\\Summer 2017\\CSE 219 - Computer Science III\\HW\\HW1\\SlideshowCreator\\work\\A to K\\Aritra Nirmal.JPG",
            "caption":"",
            "original_width":200,
            "original_height":200,
            "current_width":200,
            "current_height":200
        },
        {
            "file_name":"Asher Davidson.JPG",
            "path":"C:\\Users\\tirth\\College\\Stony Brook\\Summer 2017\\CSE 219 - Computer Science III\\HW\\HW1\\SlideshowCreator\\work\\A to K\\Asher Davidson.JPG",
            "caption":"",
            "original_width":200,
            "original_height":200,
            "current_width":200,
            "current_height":200
        },
        {
            "file_name":"Caio Eugenio.JPG",
            "path":"C:\\Users\\tirth\\College\\Stony Brook\\Summer 2017\\CSE 219 - Computer Science III\\HW\\HW1\\SlideshowCreator\\work\\A to K\\Caio Eugenio.JPG",
            "caption":"",
            "original_width":200,
            "original_height":200,
            "current_width":200,
            "current_height":200
        },
        {
            "file_name":"Daniel Niyazov.JPG",
            "path":"C:\\Users\\tirth\\College\\Stony Brook\\Summer 2017\\CSE 219 - Computer Science III\\HW\\HW1\\SlideshowCreator\\work\\A to K\\Daniel Niyazov.JPG",
            "caption":"",
            "original_width":200,
            "original_height":200,
            "current_width":200,
            "current_height":200
        },
        {
            "file_name":"Ekta Rana.JPG",
            "path":"C:\\Users\\tirth\\College\\Stony Brook\\Summer 2017\\CSE 219 - Computer Science III\\HW\\HW1\\SlideshowCreator\\work\\A to K\\Ekta Rana.JPG",
            "caption":"",
            "original_width":200,
            "original_height":200,
            "current_width":200,
            "current_height":200
        },
        {
            "file_name":"Enrui Shi.JPG",
            "path":"C:\\Users\\tirth\\College\\Stony Brook\\Summer 2017\\CSE 219 - Computer Science III\\HW\\HW1\\SlideshowCreator\\work\\A to K\\Enrui Shi.JPG",
            "caption":"",
            "original_width":200,
            "original_height":200,
            "current_width":200,
            "current_height":200
        },
        {
            "file_name":"Eun Ho Kim.JPG",
            "path":"C:\\Users\\tirth\\College\\Stony Brook\\Summer 2017\\CSE 219 - Computer Science III\\HW\\HW1\\SlideshowCreator\\work\\A to K\\Eun Ho Kim.JPG",
            "caption":"",
            "original_width":200,
            "original_height":200,
            "current_width":200,
            "current_height":200
        },
        {
            "file_name":"Feng Lin.JPG",
            "path":"C:\\Users\\tirth\\College\\Stony Brook\\Summer 2017\\CSE 219 - Computer Science III\\HW\\HW1\\SlideshowCreator\\work\\A to K\\Feng Lin.JPG",
            "caption":"",
            "original_width":200,
            "original_height":200,
            "current_width":200,
            "current_height":200
        },
        {
            "file_name":"Hanbin Park.JPG",
            "path":"C:\\Users\\tirth\\College\\Stony Brook\\Summer 2017\\CSE 219 - Computer Science III\\HW\\HW1\\SlideshowCreator\\work\\A to K\\Hanbin Park.JPG",
            "caption":"",
            "original_width":200,
            "original_height":200,
            "current_width":200,
            "current_height":200
        },
        {
            "file_name":"Haorui Huang.JPG",
            "path":"C:\\Users\\tirth\\College\\Stony Brook\\Summer 2017\\CSE 219 - Computer Science III\\HW\\HW1\\SlideshowCreator\\work\\A to K\\Haorui Huang.JPG",
            "caption":"",
            "original_width":200,
            "original_height":200,
            "current_width":511,
            "current_height":418
        },
        {
            "file_name":"Ian Pradhan.JPG",
            "path":"C:\\Users\\tirth\\College\\Stony Brook\\Summer 2017\\CSE 219 - Computer Science III\\HW\\HW1\\SlideshowCreator\\work\\A to K\\Ian Pradhan.JPG",
            "caption":"",
            "original_width":200,
            "original_height":200,
            "current_width":200,
            "current_height":200
        },
        {
            "file_name":"James Li.JPG",
            "path":"C:\\Users\\tirth\\College\\Stony Brook\\Summer 2017\\CSE 219 - Computer Science III\\HW\\HW1\\SlideshowCreator\\work\\A to K\\James Li.JPG",
            "caption":"",
            "original_width":200,
            "original_height":200,
            "current_width":200,
            "current_height":200
        },
        {
            "file_name":"Jason Dong.JPG",
            "path":"C:\\Users\\tirth\\College\\Stony Brook\\Summer 2017\\CSE 219 - Computer Science III\\HW\\HW1\\SlideshowCreator\\work\\A to K\\Jason Dong.JPG",
            "caption":"",
            "original_width":200,
            "original_height":200,
            "current_width":200,
            "current_height":200
        },
        {
            "file_name":"Jason Zhen.JPG",
            "path":"C:\\Users\\tirth\\College\\Stony Brook\\Summer 2017\\CSE 219 - Computer Science III\\HW\\HW1\\SlideshowCreator\\work\\A to K\\Jason Zhen.JPG",
            "caption":"",
            "original_width":200,
            "original_height":200,
            "current_width":200,
            "current_height":200
        },
        {
            "file_name":"Jialin Wu.JPG",
            "path":"C:\\Users\\tirth\\College\\Stony Brook\\Summer 2017\\CSE 219 - Computer Science III\\HW\\HW1\\SlideshowCreator\\work\\A to K\\Jialin Wu.JPG",
            "caption":"",
            "original_width":200,
            "original_height":200,
            "current_width":200,
            "current_height":200
        },
        {
            "file_name":"Jiawei Chu.JPG",
            "path":"C:\\Users\\tirth\\College\\Stony Brook\\Summer 2017\\CSE 219 - Computer Science III\\HW\\HW1\\SlideshowCreator\\work\\A to K\\Jiawei Chu.JPG",
            "caption":"",
            "original_width":200,
            "original_height":200,
            "current_width":200,
            "current_height":200
        },
        {
            "file_name":"Jingqiu Tao.JPG",
            "path":"C:\\Users\\tirth\\College\\Stony Brook\\Summer 2017\\CSE 219 - Computer Science III\\HW\\HW1\\SlideshowCreator\\work\\A to K\\Jingqiu Tao.JPG",
            "caption":"",
            "original_width":200,
            "original_height":200,
            "current_width":200,
            "current_height":200
        },
        {
            "file_name":"Jingyao Chen.JPG",
            "path":"C:\\Users\\tirth\\College\\Stony Brook\\Summer 2017\\CSE 219 - Computer Science III\\HW\\HW1\\SlideshowCreator\\work\\A to K\\Jingyao Chen.JPG",
            "caption":"",
            "original_width":200,
            "original_height":200,
            "current_width":200,
            "current_height":200
        },
        {
            "file_name":"Jing Zhang.JPG",
            "path":"C:\\Users\\tirth\\College\\Stony Brook\\Summer 2017\\CSE 219 - Computer Science III\\HW\\HW1\\SlideshowCreator\\work\\A to K\\Jing Zhang.JPG",
            "caption":"",
            "original_width":200,
            "original_height":200,
            "current_width":200,
            "current_height":200
        },
        {
            "file_name":"Jin Kang.JPG",
            "path":"C:\\Users\\tirth\\College\\Stony Brook\\Summer 2017\\CSE 219 - Computer Science III\\HW\\HW1\\SlideshowCreator\\work\\A to K\\Jin Kang.JPG",
            "caption":"",
            "original_width":200,
            "original_height":200,
            "current_width":200,
            "current_height":200
        },
        {
            "file_name":"Joel George.JPG",
            "path":"C:\\Users\\tirth\\College\\Stony Brook\\Summer 2017\\CSE 219 - Computer Science III\\HW\\HW1\\SlideshowCreator\\work\\A to K\\Joel George.JPG",
            "caption":"",
            "original_width":200,
            "original_height":200,
            "current_width":200,
            "current_height":200
        },
        {
            "file_name":"Joseph Levesque.JPG",
            "path":"C:\\Users\\tirth\\College\\Stony Brook\\Summer 2017\\CSE 219 - Computer Science III\\HW\\HW1\\SlideshowCreator\\work\\A to K\\Joseph Levesque.JPG",
            "caption":"",
            "original_width":200,
            "original_height":200,
            "current_width":200,
            "current_height":200
        },
        {
            "file_name":"Kelvin Wong.JPG",
            "path":"C:\\Users\\tirth\\College\\Stony Brook\\Summer 2017\\CSE 219 - Computer Science III\\HW\\HW1\\SlideshowCreator\\work\\A to K\\Kelvin Wong.JPG",
            "caption":"",
            "original_width":200,
            "original_height":200,
            "current_width":200,
            "current_height":200
        },
        {
            "file_name":"Keyu Liu.JPG",
            "path":"C:\\Users\\tirth\\College\\Stony Brook\\Summer 2017\\CSE 219 - Computer Science III\\HW\\HW1\\SlideshowCreator\\work\\A to K\\Keyu Liu.JPG",
            "caption":"",
            "original_width":200,
            "original_height":200,
            "current_width":200,
            "current_height":200
        },
        {
            "file_name":"Kyung Chul Cho.JPG",
            "path":"C:\\Users\\tirth\\College\\Stony Brook\\Summer 2017\\CSE 219 - Computer Science III\\HW\\HW1\\SlideshowCreator\\work\\A to K\\Kyung Chul Cho.JPG",
            "caption":"",
            "original_width":200,
            "original_height":200,
            "current_width":200,
            "current_height":200
        },
        {
            "file_name":"Lei Song.JPG",
            "path":"C:\\Users\\tirth\\College\\Stony Brook\\Summer 2017\\CSE 219 - Computer Science III\\HW\\HW1\\SlideshowCreator\\work\\L to Z\\Lei Song.JPG",
            "caption":"",
            "original_width":200,
            "original_height":200,
            "current_width":200,
            "current_height":200
        },
        {
            "file_name":"Lijiqing Tang.JPG",
            "path":"C:\\Users\\tirth\\College\\Stony Brook\\Summer 2017\\CSE 219 - Computer Science III\\HW\\HW1\\SlideshowCreator\\work\\L to Z\\Lijiqing Tang.JPG",
            "caption":"",
            "original_width":200,
            "original_height":200,
            "current_width":200,
            "current_height":200
        },
        {
            "file_name":"Lysander Pena.JPG",
            "path":"C:\\Users\\tirth\\College\\Stony Brook\\Summer 2017\\CSE 219 - Computer Science III\\HW\\HW1\\SlideshowCreator\\work\\L to Z\\Lysander Pena.JPG",
            "caption":"",
            "original_width":200,
            "original_height":200,
            "current_width":200,
            "current_height":200
        },
        {
            "file_name":"Michael Tsoumpariotis.JPG",
            "path":"C:\\Users\\tirth\\College\\Stony Brook\\Summer 2017\\CSE 219 - Computer Science III\\HW\\HW1\\SlideshowCreator\\work\\L to Z\\Michael Tsoumpariotis.JPG",
            "caption":"",
            "original_width":200,
            "original_height":200,
            "current_width":200,
            "current_height":200
        },
        {
            "file_name":"Muhammad Arslan Shahid.JPG",
            "path":"C:\\Users\\tirth\\College\\Stony Brook\\Summer 2017\\CSE 219 - Computer Science III\\HW\\HW1\\SlideshowCreator\\work\\L to Z\\Muhammad Arslan Shahid.JPG",
            "caption":"",
            "original_width":200,
            "original_height":200,
            "current_width":200,
            "current_height":200
        },
        {
            "file_name":"Nan Jiang.JPG",
            "path":"C:\\Users\\tirth\\College\\Stony Brook\\Summer 2017\\CSE 219 - Computer Science III\\HW\\HW1\\SlideshowCreator\\work\\L to Z\\Nan Jiang.JPG",
            "caption":"",
            "original_width":200,
            "original_height":200,
            "current_width":200,
            "current_height":200
        },
        {
            "file_name":"Nathan Grant.JPG",
            "path":"C:\\Users\\tirth\\College\\Stony Brook\\Summer 2017\\CSE 219 - Computer Science III\\HW\\HW1\\SlideshowCreator\\work\\L to Z\\Nathan Grant.JPG",
            "caption":"",
            "original_width":200,
            "original_height":200,
            "current_width":200,
            "current_height":200
        },
        {
            "file_name":"Nicholas Castello.JPG",
            "path":"C:\\Users\\tirth\\College\\Stony Brook\\Summer 2017\\CSE 219 - Computer Science III\\HW\\HW1\\SlideshowCreator\\work\\L to Z\\Nicholas Castello.JPG",
            "caption":"",
            "original_width":200,
            "original_height":200,
            "current_width":200,
            "current_height":200
        },
        {
            "file_name":"Nick Gundobin.JPG",
            "path":"C:\\Users\\tirth\\College\\Stony Brook\\Summer 2017\\CSE 219 - Computer Science III\\HW\\HW1\\SlideshowCreator\\work\\L to Z\\Nick Gundobin.JPG",
            "caption":"",
            "original_width":200,
            "original_height":200,
            "current_width":200,
            "current_height":200
        },
        {
            "file_name":"Phillip Huang.JPG",
            "path":"C:\\Users\\tirth\\College\\Stony Brook\\Summer 2017\\CSE 219 - Computer Science III\\HW\\HW1\\SlideshowCreator\\work\\L to Z\\Phillip Huang.JPG",
            "caption":"",
            "original_width":200,
            "original_height":200,
            "current_width":200,
            "current_height":200
        },
        {
            "file_name":"Pranav Sethi.JPG",
            "path":"C:\\Users\\tirth\\College\\Stony Brook\\Summer 2017\\CSE 219 - Computer Science III\\HW\\HW1\\SlideshowCreator\\work\\L to Z\\Pranav Sethi.JPG",
            "caption":"",
            "original_width":200,
            "original_height":200,
            "current_width":200,
            "current_height":200
        },
        {
            "file_name":"Ruiqi Zhu.JPG",
            "path":"C:\\Users\\tirth\\College\\Stony Brook\\Summer 2017\\CSE 219 - Computer Science III\\HW\\HW1\\SlideshowCreator\\work\\L to Z\\Ruiqi Zhu.JPG",
            "caption":"",
            "original_width":200,
            "original_height":200,
            "current_width":200,
            "current_height":200
        },
        {
            "file_name":"Ruojin Zhang.JPG",
            "path":"C:\\Users\\tirth\\College\\Stony Brook\\Summer 2017\\CSE 219 - Computer Science III\\HW\\HW1\\SlideshowCreator\\work\\L to Z\\Ruojin Zhang.JPG",
            "caption":"",
            "original_width":200,
            "original_height":200,
            "current_width":200,
            "current_height":200
        },
        {
            "file_name":"Ruoshu Gao.JPG",
            "path":"C:\\Users\\tirth\\College\\Stony Brook\\Summer 2017\\CSE 219 - Computer Science III\\HW\\HW1\\SlideshowCreator\\work\\L to Z\\Ruoshu Gao.JPG",
            "caption":"",
            "original_width":200,
            "original_height":200,
            "current_width":200,
            "current_height":200
        },
        {
            "file_name":"Sean Guiao.JPG",
            "path":"C:\\Users\\tirth\\College\\Stony Brook\\Summer 2017\\CSE 219 - Computer Science III\\HW\\HW1\\SlideshowCreator\\work\\L to Z\\Sean Guiao.JPG",
            "caption":"",
            "original_width":200,
            "original_height":200,
            "current_width":200,
            "current_height":200
        },
        {
            "file_name":"Sean Yip.JPG",
            "path":"C:\\Users\\tirth\\College\\Stony Brook\\Summer 2017\\CSE 219 - Computer Science III\\HW\\HW1\\SlideshowCreator\\work\\L to Z\\Sean Yip.JPG",
            "caption":"",
            "original_width":200,
            "original_height":200,
            "current_width":200,
            "current_height":200
        },
        {
            "file_name":"Shuojohn Li.JPG",
            "path":"C:\\Users\\tirth\\College\\Stony Brook\\Summer 2017\\CSE 219 - Computer Science III\\HW\\HW1\\SlideshowCreator\\work\\L to Z\\Shuojohn Li.JPG",
            "caption":"",
            "original_width":200,
            "original_height":200,
            "current_width":200,
            "current_height":200
        },
        {
            "file_name":"Spencer Xia.JPG",
            "path":"C:\\Users\\tirth\\College\\Stony Brook\\Summer 2017\\CSE 219 - Computer Science III\\HW\\HW1\\SlideshowCreator\\work\\L to Z\\Spencer Xia.JPG",
            "caption":"",
            "original_width":200,
            "original_height":200,
            "current_width":200,
            "current_height":200
        },
        {
            "file_name":"Steven Chou.JPG",
            "path":"C:\\Users\\tirth\\College\\Stony Brook\\Summer 2017\\CSE 219 - Computer Science III\\HW\\HW1\\SlideshowCreator\\work\\L to Z\\Steven Chou.JPG",
            "caption":"",
            "original_width":200,
            "original_height":200,
            "current_width":200,
            "current_height":200
        },
        {
            "file_name":"Tabassum Kazi.JPG",
            "path":"C:\\Users\\tirth\\College\\Stony Brook\\Summer 2017\\CSE 219 - Computer Science III\\HW\\HW1\\SlideshowCreator\\work\\L to Z\\Tabassum Kazi.JPG",
            "caption":"",
            "original_width":200,
            "original_height":200,
            "current_width":200,
            "current_height":200
        },
        {
            "file_name":"Taqrim Sayed.JPG",
            "path":"C:\\Users\\tirth\\College\\Stony Brook\\Summer 2017\\CSE 219 - Computer Science III\\HW\\HW1\\SlideshowCreator\\work\\L to Z\\Taqrim Sayed.JPG",
            "caption":"",
            "original_width":200,
            "original_height":200,
            "current_width":200,
            "current_height":200
        },
        {
            "file_name":"Tirth Darji.JPG",
            "path":"C:\\Users\\tirth\\College\\Stony Brook\\Summer 2017\\CSE 219 - Computer Science III\\HW\\HW1\\SlideshowCreator\\work\\L to Z\\Tirth Darji.JPG",
            "caption":"",
            "original_width":200,
            "original_height":200,
            "current_width":200,
            "current_height":200
        },
        {
            "file_name":"Tsering Namgyal.JPG",
            "path":"C:\\Users\\tirth\\College\\Stony Brook\\Summer 2017\\CSE 219 - Computer Science III\\HW\\HW1\\SlideshowCreator\\work\\L to Z\\Tsering Namgyal.JPG",
            "caption":"",
            "original_width":200,
            "original_height":200,
            "current_width":200,
            "current_height":200
        },
        {
            "file_name":"Usman Ansari.JPG",
            "path":"C:\\Users\\tirth\\College\\Stony Brook\\Summer 2017\\CSE 219 - Computer Science III\\HW\\HW1\\SlideshowCreator\\work\\L to Z\\Usman Ansari.JPG",
            "caption":"",
            "original_width":200,
            "original_height":200,
            "current_width":200,
            "current_height":200
        },
        {
            "file_name":"Vineet Lachhwani.JPG",
            "path":"C:\\Users\\tirth\\College\\Stony Brook\\Summer 2017\\CSE 219 - Computer Science III\\HW\\HW1\\SlideshowCreator\\work\\L to Z\\Vineet Lachhwani.JPG",
            "caption":"",
            "original_width":200,
            "original_height":200,
            "current_width":200,
            "current_height":200
        },
        {
            "file_name":"Weixin Tang.JPG",
            "path":"C:\\Users\\tirth\\College\\Stony Brook\\Summer 2017\\CSE 219 - Computer Science III\\HW\\HW1\\SlideshowCreator\\work\\L to Z\\Weixin Tang.JPG",
            "caption":"",
            "original_width":200,
            "original_height":200,
            "current_width":200,
            "current_height":200
        },
        {
            "file_name":"Xiangying Liu.JPG",
            "path":"C:\\Users\\tirth\\College\\Stony Brook\\Summer 2017\\CSE 219 - Computer Science III\\HW\\HW1\\SlideshowCreator\\work\\L to Z\\Xiangying Liu.JPG",
            "caption":"",
            "original_width":200,
            "original_height":200,
            "current_width":200,
            "current_height":200
        },
        {
            "file_name":"Xin Chen.JPG",
            "path":"C:\\Users\\tirth\\College\\Stony Brook\\Summer 2017\\CSE 219 - Computer Science III\\HW\\HW1\\SlideshowCreator\\work\\L to Z\\Xin Chen.JPG",
            "caption":"",
            "original_width":200,
            "original_height":200,
            "current_width":200,
            "current_height":200
        },
        {
            "file_name":"Xinyi Dou.JPG",
            "path":"C:\\Users\\tirth\\College\\Stony Brook\\Summer 2017\\CSE 219 - Computer Science III\\HW\\HW1\\SlideshowCreator\\work\\L to Z\\Xinyi Dou.JPG",
            "caption":"",
            "original_width":200,
            "original_height":200,
            "current_width":200,
            "current_height":200
        },
        {
            "file_name":"Yash Jain.JPG",
            "path":"C:\\Users\\tirth\\College\\Stony Brook\\Summer 2017\\CSE 219 - Computer Science III\\HW\\HW1\\SlideshowCreator\\work\\L to Z\\Yash Jain.JPG",
            "caption":"",
            "original_width":200,
            "original_height":200,
            "current_width":200,
            "current_height":200
        },
        {
            "file_name":"Yi Shi.JPG",
            "path":"C:\\Users\\tirth\\College\\Stony Brook\\Summer 2017\\CSE 219 - Computer Science III\\HW\\HW1\\SlideshowCreator\\work\\L to Z\\Yi Shi.JPG",
            "caption":"",
            "original_width":200,
            "original_height":200,
            "current_width":200,
            "current_height":200
        },
        {
            "file_name":"Yiwen Jin.JPG",
            "path":"C:\\Users\\tirth\\College\\Stony Brook\\Summer 2017\\CSE 219 - Computer Science III\\HW\\HW1\\SlideshowCreator\\work\\L to Z\\Yiwen Jin.JPG",
            "caption":"",
            "original_width":200,
            "original_height":200,
            "current_width":200,
            "current_height":200
        },
        {
            "file_name":"Yoganand Birbal.JPG",
            "path":"C:\\Users\\tirth\\College\\Stony Brook\\Summer 2017\\CSE 219 - Computer Science III\\HW\\HW1\\SlideshowCreator\\work\\L to Z\\Yoganand Birbal.JPG",
            "caption":"",
            "original_width":200,
            "original_height":200,
            "current_width":200,
            "current_height":200
        },
        {
            "file_name":"Yuqing Liu.JPG",
            "path":"C:\\Users\\tirth\\College\\Stony Brook\\Summer 2017\\CSE 219 - Computer Science III\\HW\\HW1\\SlideshowCreator\\work\\L to Z\\Yuqing Liu.JPG",
            "caption":"",
            "original_width":200,
            "original_height":200,
            "current_width":200,
            "current_height":200
        },
        {
            "file_name":"Yu Song.JPG",
            "path":"C:\\Users\\tirth\\College\\Stony Brook\\Summer 2017\\CSE 219 - Computer Science III\\HW\\HW1\\SlideshowCreator\\work\\L to Z\\Yu Song.JPG",
            "caption":"",
            "original_width":200,
            "original_height":200,
            "current_width":200,
            "current_height":200
        },
        {
            "file_name":"Zhiyong Jing.JPG",
            "path":"C:\\Users\\tirth\\College\\Stony Brook\\Summer 2017\\CSE 219 - Computer Science III\\HW\\HW1\\SlideshowCreator\\work\\L to Z\\Zhiyong Jing.JPG",
            "caption":"",
            "original_width":200,
            "original_height":200,
            "current_width":200,
            "current_height":200
        }
    ]
}