
{
    "slides":[
        {
            "file_name":"Abderrahman Dandoune.JPG",
            "path":"C:\\Users\\tirth\\College\\Stony Brook\\Summer 2017\\CSE 219 - Computer Science III\\HW\\HW1\\SlideshowCreator\\work\\A to K\\Abderrahman Dandoune.JPG",
            "caption":"",
            "original_width":200,
            "original_height":200,
            "current_width":200,
            "current_height":200
        },
        {
            "file_name":"Agnieszka Gawrys.JPG",
            "path":"C:\\Users\\tirth\\College\\Stony Brook\\Summer 2017\\CSE 219 - Computer Science III\\HW\\HW1\\SlideshowCreator\\work\\A to K\\Agnieszka Gawrys.JPG",
            "caption":"chaman",
            "original_width":200,
            "original_height":200,
            "current_width":425,
            "current_height":431
        },
        {
            "file_name":"Alexander Espinal.JPG",
            "path":"C:\\Users\\tirth\\College\\Stony Brook\\Summer 2017\\CSE 219 - Computer Science III\\HW\\HW1\\SlideshowCreator\\work\\A to K\\Alexander Espinal.JPG",
            "caption":"",
            "original_width":200,
            "original_height":200,
            "current_width":200,
            "current_height":200
        },
        {
            "file_name":"Ammar Khandwala.JPG",
            "path":"C:\\Users\\tirth\\College\\Stony Brook\\Summer 2017\\CSE 219 - Computer Science III\\HW\\HW1\\SlideshowCreator\\work\\A to K\\Ammar Khandwala.JPG",
            "caption":"",
            "original_width":200,
            "original_height":200,
            "current_width":200,
            "current_height":200
        },
        {
            "file_name":"Aritra Nirmal.JPG",
            "path":"C:\\Users\\tirth\\College\\Stony Brook\\Summer 2017\\CSE 219 - Computer Science III\\HW\\HW1\\SlideshowCreator\\work\\A to K\\Aritra Nirmal.JPG",
            "caption":"",
            "original_width":200,
            "original_height":200,
            "current_width":200,
            "current_height":200
        },
        {
            "file_name":"Asher Davidson.JPG",
            "path":"C:\\Users\\tirth\\College\\Stony Brook\\Summer 2017\\CSE 219 - Computer Science III\\HW\\HW1\\SlideshowCreator\\work\\A to K\\Asher Davidson.JPG",
            "caption":"",
            "original_width":200,
            "original_height":200,
            "current_width":200,
            "current_height":200
        },
        {
            "file_name":"Caio Eugenio.JPG",
            "path":"C:\\Users\\tirth\\College\\Stony Brook\\Summer 2017\\CSE 219 - Computer Science III\\HW\\HW1\\SlideshowCreator\\work\\A to K\\Caio Eugenio.JPG",
            "caption":"",
            "original_width":200,
            "original_height":200,
            "current_width":200,
            "current_height":200
        },
        {
            "file_name":"Daniel Niyazov.JPG",
            "path":"C:\\Users\\tirth\\College\\Stony Brook\\Summer 2017\\CSE 219 - Computer Science III\\HW\\HW1\\SlideshowCreator\\work\\A to K\\Daniel Niyazov.JPG",
            "caption":"",
            "original_width":200,
            "original_height":200,
            "current_width":200,
            "current_height":200
        },
        {
            "file_name":"Ekta Rana.JPG",
            "path":"C:\\Users\\tirth\\College\\Stony Brook\\Summer 2017\\CSE 219 - Computer Science III\\HW\\HW1\\SlideshowCreator\\work\\A to K\\Ekta Rana.JPG",
            "caption":"",
            "original_width":200,
            "original_height":200,
            "current_width":200,
            "current_height":200
        },
        {
            "file_name":"Enrui Shi.JPG",
            "path":"C:\\Users\\tirth\\College\\Stony Brook\\Summer 2017\\CSE 219 - Computer Science III\\HW\\HW1\\SlideshowCreator\\work\\A to K\\Enrui Shi.JPG",
            "caption":"",
            "original_width":200,
            "original_height":200,
            "current_width":200,
            "current_height":200
        },
        {
            "file_name":"Eun Ho Kim.JPG",
            "path":"C:\\Users\\tirth\\College\\Stony Brook\\Summer 2017\\CSE 219 - Computer Science III\\HW\\HW1\\SlideshowCreator\\work\\A to K\\Eun Ho Kim.JPG",
            "caption":"",
            "original_width":200,
            "original_height":200,
            "current_width":200,
            "current_height":200
        },
        {
            "file_name":"Feng Lin.JPG",
            "path":"C:\\Users\\tirth\\College\\Stony Brook\\Summer 2017\\CSE 219 - Computer Science III\\HW\\HW1\\SlideshowCreator\\work\\A to K\\Feng Lin.JPG",
            "caption":"",
            "original_width":200,
            "original_height":200,
            "current_width":200,
            "current_height":200
        },
        {
            "file_name":"Hanbin Park.JPG",
            "path":"C:\\Users\\tirth\\College\\Stony Brook\\Summer 2017\\CSE 219 - Computer Science III\\HW\\HW1\\SlideshowCreator\\work\\A to K\\Hanbin Park.JPG",
            "caption":"",
            "original_width":200,
            "original_height":200,
            "current_width":200,
            "current_height":200
        },
        {
            "file_name":"Haorui Huang.JPG",
            "path":"C:\\Users\\tirth\\College\\Stony Brook\\Summer 2017\\CSE 219 - Computer Science III\\HW\\HW1\\SlideshowCreator\\work\\A to K\\Haorui Huang.JPG",
            "caption":"",
            "original_width":200,
            "original_height":200,
            "current_width":200,
            "current_height":200
        },
        {
            "file_name":"Ian Pradhan.JPG",
            "path":"C:\\Users\\tirth\\College\\Stony Brook\\Summer 2017\\CSE 219 - Computer Science III\\HW\\HW1\\SlideshowCreator\\work\\A to K\\Ian Pradhan.JPG",
            "caption":"",
            "original_width":200,
            "original_height":200,
            "current_width":200,
            "current_height":200
        },
        {
            "file_name":"James Li.JPG",
            "path":"C:\\Users\\tirth\\College\\Stony Brook\\Summer 2017\\CSE 219 - Computer Science III\\HW\\HW1\\SlideshowCreator\\work\\A to K\\James Li.JPG",
            "caption":"",
            "original_width":200,
            "original_height":200,
            "current_width":200,
            "current_height":200
        },
        {
            "file_name":"Jason Dong.JPG",
            "path":"C:\\Users\\tirth\\College\\Stony Brook\\Summer 2017\\CSE 219 - Computer Science III\\HW\\HW1\\SlideshowCreator\\work\\A to K\\Jason Dong.JPG",
            "caption":"",
            "original_width":200,
            "original_height":200,
            "current_width":200,
            "current_height":200
        },
        {
            "file_name":"Jason Zhen.JPG",
            "path":"C:\\Users\\tirth\\College\\Stony Brook\\Summer 2017\\CSE 219 - Computer Science III\\HW\\HW1\\SlideshowCreator\\work\\A to K\\Jason Zhen.JPG",
            "caption":"",
            "original_width":200,
            "original_height":200,
            "current_width":200,
            "current_height":200
        },
        {
            "file_name":"Jialin Wu.JPG",
            "path":"C:\\Users\\tirth\\College\\Stony Brook\\Summer 2017\\CSE 219 - Computer Science III\\HW\\HW1\\SlideshowCreator\\work\\A to K\\Jialin Wu.JPG",
            "caption":"",
            "original_width":200,
            "original_height":200,
            "current_width":200,
            "current_height":200
        },
        {
            "file_name":"Jiawei Chu.JPG",
            "path":"C:\\Users\\tirth\\College\\Stony Brook\\Summer 2017\\CSE 219 - Computer Science III\\HW\\HW1\\SlideshowCreator\\work\\A to K\\Jiawei Chu.JPG",
            "caption":"",
            "original_width":200,
            "original_height":200,
            "current_width":200,
            "current_height":200
        },
        {
            "file_name":"Jin Kang.JPG",
            "path":"C:\\Users\\tirth\\College\\Stony Brook\\Summer 2017\\CSE 219 - Computer Science III\\HW\\HW1\\SlideshowCreator\\work\\A to K\\Jin Kang.JPG",
            "caption":"",
            "original_width":200,
            "original_height":200,
            "current_width":200,
            "current_height":200
        },
        {
            "file_name":"Jing Zhang.JPG",
            "path":"C:\\Users\\tirth\\College\\Stony Brook\\Summer 2017\\CSE 219 - Computer Science III\\HW\\HW1\\SlideshowCreator\\work\\A to K\\Jing Zhang.JPG",
            "caption":"",
            "original_width":200,
            "original_height":200,
            "current_width":200,
            "current_height":200
        },
        {
            "file_name":"Jingqiu Tao.JPG",
            "path":"C:\\Users\\tirth\\College\\Stony Brook\\Summer 2017\\CSE 219 - Computer Science III\\HW\\HW1\\SlideshowCreator\\work\\A to K\\Jingqiu Tao.JPG",
            "caption":"",
            "original_width":200,
            "original_height":200,
            "current_width":200,
            "current_height":200
        },
        {
            "file_name":"Jingyao Chen.JPG",
            "path":"C:\\Users\\tirth\\College\\Stony Brook\\Summer 2017\\CSE 219 - Computer Science III\\HW\\HW1\\SlideshowCreator\\work\\A to K\\Jingyao Chen.JPG",
            "caption":"",
            "original_width":200,
            "original_height":200,
            "current_width":200,
            "current_height":200
        },
        {
            "file_name":"Joel George.JPG",
            "path":"C:\\Users\\tirth\\College\\Stony Brook\\Summer 2017\\CSE 219 - Computer Science III\\HW\\HW1\\SlideshowCreator\\work\\A to K\\Joel George.JPG",
            "caption":"",
            "original_width":200,
            "original_height":200,
            "current_width":200,
            "current_height":200
        },
        {
            "file_name":"Joseph Levesque.JPG",
            "path":"C:\\Users\\tirth\\College\\Stony Brook\\Summer 2017\\CSE 219 - Computer Science III\\HW\\HW1\\SlideshowCreator\\work\\A to K\\Joseph Levesque.JPG",
            "caption":"",
            "original_width":200,
            "original_height":200,
            "current_width":200,
            "current_height":200
        },
        {
            "file_name":"Kelvin Wong.JPG",
            "path":"C:\\Users\\tirth\\College\\Stony Brook\\Summer 2017\\CSE 219 - Computer Science III\\HW\\HW1\\SlideshowCreator\\work\\A to K\\Kelvin Wong.JPG",
            "caption":"",
            "original_width":200,
            "original_height":200,
            "current_width":200,
            "current_height":200
        },
        {
            "file_name":"Keyu Liu.JPG",
            "path":"C:\\Users\\tirth\\College\\Stony Brook\\Summer 2017\\CSE 219 - Computer Science III\\HW\\HW1\\SlideshowCreator\\work\\A to K\\Keyu Liu.JPG",
            "caption":"",
            "original_width":200,
            "original_height":200,
            "current_width":200,
            "current_height":200
        },
        {
            "file_name":"Kyung Chul Cho.JPG",
            "path":"C:\\Users\\tirth\\College\\Stony Brook\\Summer 2017\\CSE 219 - Computer Science III\\HW\\HW1\\SlideshowCreator\\work\\A to K\\Kyung Chul Cho.JPG",
            "caption":"",
            "original_width":200,
            "original_height":200,
            "current_width":200,
            "current_height":200
        }
    ]
}