<?xml version="1.0" encoding="UTF-8"?>
<project-private xmlns="http://www.netbeans.org/ns/project-private/1">
    <editor-bookmarks xmlns="http://www.netbeans.org/ns/editor-bookmarks/2" lastBookmarkId="0"/>
    <open-files xmlns="http://www.netbeans.org/ns/projectui-open-files/2">
        <group>
            <file>file:/C:/Users/aespi/CSE219/SlideshowCreator/src/sc/style/SlideshowCreatorStyle.java</file>
            <file>file:/C:/Users/aespi/CSE219/SlideshowCreator/src/sc/workspace/SlideshowCreatorController.java</file>
            <file>file:/C:/Users/aespi/CSE219/SlideshowCreator/src/sc/workspace/SlideshowCreatorWorkspace.java</file>
            <file>file:/C:/Users/aespi/CSE219/SlideshowCreator/src/sc/Bug_Issue_Tracker</file>
            <file>file:/C:/Users/aespi/CSE219/SlideshowCreator/src/sc/style/sc_style.css</file>
            <file>file:/C:/Users/aespi/CSE219/SlideshowCreator/src/sc/SlideshowCreatorProp.java</file>
        </group>
    </open-files>
</project-private>
