
{
    "slides":[
        {
            "file_name":"Lei Song.JPG",
            "path":".\\work\\L to Z\\Lei Song.JPG",
            "caption":"",
            "original_width":200,
            "original_height":200,
            "current_width":200,
            "current_height":200
        },
        {
            "file_name":"Lijiqing Tang.JPG",
            "path":".\\work\\L to Z\\Lijiqing Tang.JPG",
            "caption":"",
            "original_width":200,
            "original_height":200,
            "current_width":200,
            "current_height":200
        },
        {
            "file_name":"Lysander Pena.JPG",
            "path":".\\work\\L to Z\\Lysander Pena.JPG",
            "caption":"",
            "original_width":200,
            "original_height":200,
            "current_width":200,
            "current_height":200
        },
        {
            "file_name":"Michael Tsoumpariotis.JPG",
            "path":".\\work\\L to Z\\Michael Tsoumpariotis.JPG",
            "caption":"",
            "original_width":200,
            "original_height":200,
            "current_width":200,
            "current_height":200
        },
        {
            "file_name":"Muhammad Arslan Shahid.JPG",
            "path":".\\work\\L to Z\\Muhammad Arslan Shahid.JPG",
            "caption":"",
            "original_width":200,
            "original_height":200,
            "current_width":200,
            "current_height":200
        },
        {
            "file_name":"Nan Jiang.JPG",
            "path":".\\work\\L to Z\\Nan Jiang.JPG",
            "caption":"",
            "original_width":200,
            "original_height":200,
            "current_width":200,
            "current_height":200
        },
        {
            "file_name":"Nathan Grant.JPG",
            "path":".\\work\\L to Z\\Nathan Grant.JPG",
            "caption":"",
            "original_width":200,
            "original_height":200,
            "current_width":200,
            "current_height":200
        },
        {
            "file_name":"Nicholas Castello.JPG",
            "path":".\\work\\L to Z\\Nicholas Castello.JPG",
            "caption":"",
            "original_width":200,
            "original_height":200,
            "current_width":200,
            "current_height":200
        },
        {
            "file_name":"Nick Gundobin.JPG",
            "path":".\\work\\L to Z\\Nick Gundobin.JPG",
            "caption":"",
            "original_width":200,
            "original_height":200,
            "current_width":200,
            "current_height":200
        },
        {
            "file_name":"Phillip Huang.JPG",
            "path":".\\work\\L to Z\\Phillip Huang.JPG",
            "caption":"",
            "original_width":200,
            "original_height":200,
            "current_width":200,
            "current_height":200
        },
        {
            "file_name":"Pranav Sethi.JPG",
            "path":".\\work\\L to Z\\Pranav Sethi.JPG",
            "caption":"",
            "original_width":200,
            "original_height":200,
            "current_width":200,
            "current_height":200
        },
        {
            "file_name":"Ruiqi Zhu.JPG",
            "path":".\\work\\L to Z\\Ruiqi Zhu.JPG",
            "caption":"",
            "original_width":200,
            "original_height":200,
            "current_width":200,
            "current_height":200
        },
        {
            "file_name":"Ruojin Zhang.JPG",
            "path":".\\work\\L to Z\\Ruojin Zhang.JPG",
            "caption":"",
            "original_width":200,
            "original_height":200,
            "current_width":200,
            "current_height":200
        },
        {
            "file_name":"Ruoshu Gao.JPG",
            "path":".\\work\\L to Z\\Ruoshu Gao.JPG",
            "caption":"",
            "original_width":200,
            "original_height":200,
            "current_width":200,
            "current_height":200
        },
        {
            "file_name":"Sean Guiao.JPG",
            "path":".\\work\\L to Z\\Sean Guiao.JPG",
            "caption":"",
            "original_width":200,
            "original_height":200,
            "current_width":200,
            "current_height":200
        },
        {
            "file_name":"Sean Yip.JPG",
            "path":".\\work\\L to Z\\Sean Yip.JPG",
            "caption":"",
            "original_width":200,
            "original_height":200,
            "current_width":200,
            "current_height":200
        },
        {
            "file_name":"Shuojohn Li.JPG",
            "path":".\\work\\L to Z\\Shuojohn Li.JPG",
            "caption":"",
            "original_width":200,
            "original_height":200,
            "current_width":200,
            "current_height":200
        },
        {
            "file_name":"Spencer Xia.JPG",
            "path":".\\work\\L to Z\\Spencer Xia.JPG",
            "caption":"",
            "original_width":200,
            "original_height":200,
            "current_width":200,
            "current_height":200
        },
        {
            "file_name":"Steven Chou.JPG",
            "path":".\\work\\L to Z\\Steven Chou.JPG",
            "caption":"",
            "original_width":200,
            "original_height":200,
            "current_width":200,
            "current_height":200
        },
        {
            "file_name":"Tabassum Kazi.JPG",
            "path":".\\work\\L to Z\\Tabassum Kazi.JPG",
            "caption":"",
            "original_width":200,
            "original_height":200,
            "current_width":200,
            "current_height":200
        },
        {
            "file_name":"Taqrim Sayed.JPG",
            "path":".\\work\\L to Z\\Taqrim Sayed.JPG",
            "caption":"",
            "original_width":200,
            "original_height":200,
            "current_width":200,
            "current_height":200
        },
        {
            "file_name":"Tirth Darji.JPG",
            "path":".\\work\\L to Z\\Tirth Darji.JPG",
            "caption":"",
            "original_width":200,
            "original_height":200,
            "current_width":200,
            "current_height":200
        },
        {
            "file_name":"Tsering Namgyal.JPG",
            "path":".\\work\\L to Z\\Tsering Namgyal.JPG",
            "caption":"",
            "original_width":200,
            "original_height":200,
            "current_width":200,
            "current_height":200
        },
        {
            "file_name":"Usman Ansari.JPG",
            "path":".\\work\\L to Z\\Usman Ansari.JPG",
            "caption":"",
            "original_width":200,
            "original_height":200,
            "current_width":200,
            "current_height":200
        },
        {
            "file_name":"Vineet Lachhwani.JPG",
            "path":".\\work\\L to Z\\Vineet Lachhwani.JPG",
            "caption":"",
            "original_width":200,
            "original_height":200,
            "current_width":200,
            "current_height":200
        },
        {
            "file_name":"Weixin Tang.JPG",
            "path":".\\work\\L to Z\\Weixin Tang.JPG",
            "caption":"",
            "original_width":200,
            "original_height":200,
            "current_width":200,
            "current_height":200
        },
        {
            "file_name":"Xiangying Liu.JPG",
            "path":".\\work\\L to Z\\Xiangying Liu.JPG",
            "caption":"",
            "original_width":200,
            "original_height":200,
            "current_width":200,
            "current_height":200
        },
        {
            "file_name":"Xin Chen.JPG",
            "path":".\\work\\L to Z\\Xin Chen.JPG",
            "caption":"",
            "original_width":200,
            "original_height":200,
            "current_width":200,
            "current_height":200
        },
        {
            "file_name":"Xinyi Dou.JPG",
            "path":".\\work\\L to Z\\Xinyi Dou.JPG",
            "caption":"",
            "original_width":200,
            "original_height":200,
            "current_width":200,
            "current_height":200
        },
        {
            "file_name":"Yash Jain.JPG",
            "path":".\\work\\L to Z\\Yash Jain.JPG",
            "caption":"",
            "original_width":200,
            "original_height":200,
            "current_width":200,
            "current_height":200
        },
        {
            "file_name":"Yi Shi.JPG",
            "path":".\\work\\L to Z\\Yi Shi.JPG",
            "caption":"",
            "original_width":200,
            "original_height":200,
            "current_width":200,
            "current_height":200
        },
        {
            "file_name":"Yiwen Jin.JPG",
            "path":".\\work\\L to Z\\Yiwen Jin.JPG",
            "caption":"",
            "original_width":200,
            "original_height":200,
            "current_width":200,
            "current_height":200
        },
        {
            "file_name":"Yoganand Birbal.JPG",
            "path":".\\work\\L to Z\\Yoganand Birbal.JPG",
            "caption":"",
            "original_width":200,
            "original_height":200,
            "current_width":200,
            "current_height":200
        },
        {
            "file_name":"Yu Song.JPG",
            "path":".\\work\\L to Z\\Yu Song.JPG",
            "caption":"",
            "original_width":200,
            "original_height":200,
            "current_width":200,
            "current_height":200
        },
        {
            "file_name":"Yuqing Liu.JPG",
            "path":".\\work\\L to Z\\Yuqing Liu.JPG",
            "caption":"",
            "original_width":200,
            "original_height":200,
            "current_width":200,
            "current_height":200
        },
        {
            "file_name":"Zhiyong Jing.JPG",
            "path":".\\work\\L to Z\\Zhiyong Jing.JPG",
            "caption":"",
            "original_width":200,
            "original_height":200,
            "current_width":200,
            "current_height":200
        }
    ]
}