<?xml version="1.0" encoding="UTF-8"?>
<project-private xmlns="http://www.netbeans.org/ns/project-private/1">
    <editor-bookmarks xmlns="http://www.netbeans.org/ns/editor-bookmarks/2" lastBookmarkId="0"/>
    <open-files xmlns="http://www.netbeans.org/ns/projectui-open-files/2">
        <group>
            <file>file:/C:/Users/Yogi/Desktop/College/CSE/CSE%20219/HW1(1)/PropertiesManager/src/properties_manager/InvalidXMLFileFormatException.java</file>
            <file>file:/C:/Users/Yogi/Desktop/College/CSE/CSE%20219/HW1(1)/PropertiesManager/src/properties_manager/PropertiesManager.java</file>
            <file>file:/C:/Users/Yogi/Desktop/College/CSE/CSE%20219/HW1(1)/PropertiesManager/src/properties_manager/XMLUtilities.java</file>
        </group>
    </open-files>
</project-private>
