<?xml version="1.0" encoding="UTF-8"?>
<project-private xmlns="http://www.netbeans.org/ns/project-private/1">
    <editor-bookmarks xmlns="http://www.netbeans.org/ns/editor-bookmarks/2" lastBookmarkId="0"/>
    <open-files xmlns="http://www.netbeans.org/ns/projectui-open-files/2">
        <group>
            <file>file:/C:/Users/McKillaGorilla/Documents/RTM/StonyBrook/Courses/CSE219/219_2017_Summer/projects/SlideshowCreator/src/sc/workspace/SlideshowCreatorWorkspace.java</file>
            <file>file:/C:/Users/McKillaGorilla/Documents/RTM/StonyBrook/Courses/CSE219/219_2017_Summer/projects/SlideshowCreator/src/sc/file/SlideshowCreatorFiles.java</file>
            <file>file:/C:/Users/McKillaGorilla/Documents/RTM/StonyBrook/Courses/CSE219/219_2017_Summer/projects/SlideshowCreator/src/sc/style/sc_style.css</file>
            <file>file:/C:/Users/McKillaGorilla/Documents/RTM/StonyBrook/Courses/CSE219/219_2017_Summer/projects/SlideshowCreator/src/sc/data/SlideshowCreatorData.java</file>
            <file>file:/C:/Users/McKillaGorilla/Documents/RTM/StonyBrook/Courses/CSE219/219_2017_Summer/projects/SlideshowCreator/src/sc/data/Slide.java</file>
            <file>file:/C:/Users/McKillaGorilla/Documents/RTM/StonyBrook/Courses/CSE219/219_2017_Summer/projects/SlideshowCreator/src/sc/SlideshowCreatorProp.java</file>
            <file>file:/C:/Users/McKillaGorilla/Documents/RTM/StonyBrook/Courses/CSE219/219_2017_Summer/projects/SlideshowCreator/src/sc/SlideshowCreatorApp.java</file>
            <file>file:/C:/Users/McKillaGorilla/Documents/RTM/StonyBrook/Courses/CSE219/219_2017_Summer/projects/SlideshowCreator/data/app_properties.xml</file>
            <file>file:/C:/Users/McKillaGorilla/Documents/RTM/StonyBrook/Courses/CSE219/219_2017_Summer/projects/SlideshowCreator/src/sc/style/SlideshowCreatorStyle.java</file>
        </group>
        <group name="Group 20170604-04:35:06">
            <file>file:/C:/Users/Dave/Desktop/CSE219/hw/HW1(1)/SlideshowCreator/src/sc/workspace/SlideshowCreatorController.java</file>
            <file>file:/C:/Users/Dave/Desktop/CSE219/hw/HW1(1)/SlideshowCreator/src/sc/data/SlideshowCreatorData.java</file>
            <file>file:/C:/Users/Dave/Desktop/CSE219/hw/HW1(1)/SlideshowCreator/src/sc/workspace/SlideshowCreatorWorkspace.java</file>
            <file>file:/C:/Users/Dave/Desktop/CSE219/hw/HW1(1)/SlideshowCreator/src/sc/data/Slide.java</file>
        </group>
    </open-files>
</project-private>
