<?xml version="1.0" encoding="UTF-8"?>
<project-private xmlns="http://www.netbeans.org/ns/project-private/1">
    <editor-bookmarks xmlns="http://www.netbeans.org/ns/editor-bookmarks/2" lastBookmarkId="0"/>
    <open-files xmlns="http://www.netbeans.org/ns/projectui-open-files/2">
        <group>
            <file>file:/Users/yu-hsiangchou/Documents/Steven/SBU/2017%20Summer/CSE%20219/Homework/Homework1/HW1(1)/SlideshowCreator/data/app_properties.xml</file>
            <file>file:/Users/yu-hsiangchou/Documents/Steven/SBU/2017%20Summer/CSE%20219/Homework/Homework1/HW1(1)/SlideshowCreator/src/sc/SlideshowCreatorApp.java</file>
            <file>file:/Users/yu-hsiangchou/Documents/Steven/SBU/2017%20Summer/CSE%20219/Homework/Homework1/HW1(1)/SlideshowCreator/src/sc/workspace/SlideshowCreatorWorkspace.java</file>
            <file>file:/Users/yu-hsiangchou/Documents/Steven/SBU/2017%20Summer/CSE%20219/Homework/Homework1/HW1(1)/SlideshowCreator/src/sc/SlideshowCreatorProp.java</file>
            <file>file:/Users/yu-hsiangchou/Documents/Steven/SBU/2017%20Summer/CSE%20219/Homework/Homework1/HW1(1)/SlideshowCreator/src/sc/workspace/SlideshowCreatorController.java</file>
        </group>
    </open-files>
</project-private>
